Study,BioProject,Sample,Raw,Trimmed,Aligned,Input Reads,Assigned Reads
Vidal-Dupiol2013,SRP011059,SRR414924,11126114,10116214,5963090,,
Vidal-Dupiol2013,SRP011059,SRR414925,12580416,11799609,7582464,,
Mayfield2014,PRJNA227785,SRR1030692,46662042,43680422,26263291,55387604,40614453
Mayfield2014,PRJNA227785,SRR1030693,45975388,43326443,29875158,63108564,45836488
Mayfield2014,PRJNA227785,SRR1030694,41725663,39681093,31133631,65451795,48159436
Vidal-Dupiol2014,PRJNA219439,SRR988551,10180520,9226406,4095562,,
Vidal-Dupiol2014,PRJNA219439,SRR988670,9674485,8081862,2515669,5361107,3307721
Vidal-Dupiol2014,PRJNA219439,SRR988671,8510156,7700710,2034084,4332021,2754383
Vidal-Dupiol2014,PRJNA219439,SRR988672,13858112,12491102,5331566,11424126,7304504
Yuan2017,PRJNA299443,SRR2912663,30274934,30274933,15828293,33364134,23567108
Yuan2017,PRJNA299443,SRR2912664,30365662,30365662,14085431,29686954,21043531
Yuan2017,PRJNA299443,SRR2912665,30581298,30581297,15165129,31881726,22523220
Yuan2017,PRJNA299443,SRR2912669,30145089,30145089,14957994,31464274,22209768
Zhou2017,PRJNA327142,SRR3727281,15308742,15248110,10512714,11430929,8304503
Zhou2017,PRJNA327142,SRR3727374,18710314,18637888,12850563,13974165,10151090
Zhou2017,PRJNA327142,SRR3727379,15314555,15242908,7849450,8538806,6152873
Zhou2017,PRJNA327142,SRR3727380,18712223,18624422,9592647,10434534,7520337
Zhou2017,PRJNA327142,SRR3727383,15304454,15235715,8116506,8895363,6286844
Zhou2017,PRJNA327142,SRR3727387,18704463,18625315,9909671,10863163,7673923
Zhou2017,PRJNA327142,SRR3727388,15325641,15254968,7310473,7982097,5569598
Zhou2017,PRJNA327142,SRR3727390,18731994,18650470,8921943,9743282,6795524
Zhou2017,PRJNA327142,SRR3727400,15147390,15083801,8379632,9139705,6569703
Zhou2017,PRJNA327142,SRR3727418,18513023,18435666,10245745,11175596,8034260
Zhou2017,PRJNA327142,SRR3727424,15457164,15392099,8529773,,
Zhou2017,PRJNA327142,SRR3727425,18891311,18812640,10426632,,
Brener-Raffali2018,PRJNA399069,SRR5963014,21005129,18763583,13774362,,
Brener-Raffali2018,PRJNA399069,SRR5963016,25909460,23134532,15650708,,
Brener-Raffali2018,PRJNA399069,SRR5963017,22547224,20199449,15490874,,
Brener-Raffali2018,PRJNA399069,SRR5963020,23899219,21459952,16449493,,
Brener-Raffali2018,PRJNA399069,SRR5963032,23062898,20756530,15698815,,
Brener-Raffali2018,PRJNA399069,SRR5963033,25955233,23269733,17513659,,
Brener-Raffali2018,PRJNA399069,SRR5963035,25296238,22461567,14408915,,
Brener-Raffali2018,PRJNA399069,SRR5963037,25178554,22396355,15289033,,
Brener-Raffali2018,PRJNA399069,SRR5963041,25250037,22343584,13022683,,
Brener-Raffali2018,PRJNA399069,SRR5963053,22174528,19786264,15286965,,
Brener-Raffali2018,PRJNA399069,SRR5963055,25525762,22457705,9813009,,
Brener-Raffali2018,PRJNA399069,SRR5963057,26829225,23791213,14179030,,
Brener-Raffali2018,PRJNA399069,SRR5963059,25443810,22464465,11427594,,
Brener-Raffali2018,PRJNA399069,SRR5963060,23440566,20716854,10828280,,
Brener-Raffali2018,PRJNA399069,SRR5963073,22360662,20037266,15277799,,
Brener-Raffali2018,PRJNA399069,SRR5963074,23613624,20977493,13830956,,
Brener-Raffali2018,PRJNA399069,SRR5963076,25986831,23190623,16005826,,
Brener-Raffali2018,PRJNA399069,SRR5963078,24867338,22088593,14776949,,
Brener-Raffali2018,PRJNA399069,SRR5963080,21619948,19379967,14589876,,
Brener-Raffali2018,PRJNA399069,SRR5963015,25502862,22792280,17458966,,
Brener-Raffali2018,PRJNA399069,SRR5963021,27819835,24739535,16122261,,
Brener-Raffali2018,PRJNA399069,SRR5963034,27534745,24499253,17697366,,
Brener-Raffali2018,PRJNA399069,SRR5963036,27064008,24212283,18062464,,
Brener-Raffali2018,PRJNA399069,SRR5963038,27046129,24183785,18149776,,
Brener-Raffali2018,PRJNA399069,SRR5963039,27056632,24016901,14610201,,
Brener-Raffali2018,PRJNA399069,SRR5963040,26216415,23220903,13490187,,
Brener-Raffali2018,PRJNA399069,SRR5963052,25477195,22542000,14715741,,
Brener-Raffali2018,PRJNA399069,SRR5963054,23508264,20737490,9149636,,
Brener-Raffali2018,PRJNA399069,SRR5963056,25848098,22890036,13518088,,
Brener-Raffali2018,PRJNA399069,SRR5963058,27893175,24721202,14147467,,
Brener-Raffali2018,PRJNA399069,SRR5963061,27704683,24505854,13424680,,
Brener-Raffali2018,PRJNA399069,SRR5963072,26936070,23844247,16081293,,
Brener-Raffali2018,PRJNA399069,SRR5963075,25244269,22373682,13429800,,
Brener-Raffali2018,PRJNA399069,SRR5963077,25030427,22220020,14081686,,
Brener-Raffali2018,PRJNA399069,SRR5963079,27932721,24863509,16786868,,
Brener-Raffali2018,PRJNA399069,SRR5963081,29908570,26614597,18058226,,
Delgadillo-Nuno2018,PRJNA552592,SRR9648437,19381832,19038421,5218744,,
Delgadillo-Nuno2018,PRJNA552592,SRR9648438,17740920,17420555,6430681,,
Delgadillo-Nuno2018,PRJNA552592,SRR9648439,18164392,17874931,4446568,,
Delgadillo-Nuno2018,PRJNA552592,SRR9648440,18482005,18159784,4787663,,
RSMAS2018,NA,SRRNAS1,9167320,,,,
RSMAS2018,NA,SRRNAS2,9021582,,,,
Tang2018,PRJNA433950,SRR6761151,30908901,30258839,9458164,20377294,14725682
Tang2018,PRJNA433950,SRR6761152,31556713,30791014,8808715,19148708,13223271
Tang2018,PRJNA433950,SRR6761153,35166421,34346061,15214659,32798489,23590155
Tang2018,PRJNA433950,SRR6761154,37460177,36619202,8637524,18767936,13054865
Tang2018,PRJNA433950,SRR6761155,29516974,28794318,11321603,24446586,17432217
Tang2018,PRJNA433950,SRR6761156,34615644,33763248,11158705,,
Wecker2018,PRJNA369135,SRR5215310,7449338,7428206,6159601,6440378,4566882
Wecker2018,PRJNA369135,SRR5215311,16000000,15953941,13491350,14076890,10645382
Wecker2018,PRJNA369135,SRR5215312,9011938,8982322,7724434,8060831,5950722
Wecker2018,PRJNA369135,SRR5215313,8297937,8275351,7029016,7340169,5498328
Wecker2018,PRJNA369135,SRR5215314,6431832,6413452,5343225,5584693,4139945
Wecker2018,PRJNA369135,SRR5215315,12476239,12430824,10562704,11040377,8029283
Wecker2018,PRJNA369135,SRR5215316,5760039,5744813,4799736,5033706,3634698
Wecker2018,PRJNA369135,SRR5215317,12222266,12187406,10510891,10957396,8207162
Wecker2018,PRJNA369135,SRR5215318,5632274,5616313,4805550,5018340,3658222
Wecker2018,PRJNA369135,SRR5215319,7972798,7946411,6530388,6819564,5005023
Zhou2018,PRJNA401251,SRR6001268,30846679,30531021,10134579,11035859,7237122
Zhou2018,PRJNA401251,SRR6001269,31226383,30784658,8943330,9730630,6138678
Zhou2018,PRJNA401251,SRR6001270,29244058,29075427,10178944,11097482,7228810
Zhou2018,PRJNA401251,SRR6001271,30777208,30513557,13991574,15264497,10442533
Zhou2018,PRJNA401251,SRR6001272,31344353,31074270,14389766,15702528,10771952
Zhou2018,PRJNA401251,SRR6001273,29245146,29090816,13895712,15185370,10335784
Poquita-Du2019,PRJNA435468,SRR6881951,3052993,101916,15037,34784,23117
Poquita-Du2019,PRJNA435468,SRR6881952,3052954,110646,15471,35504,24016
Poquita-Du2019,PRJNA435468,SRR6881953,3082488,105074,14208,33172,21949
Poquita-Du2019,PRJNA435468,SRR6906282,4715956,150861,18283,43708,28390
Poquita-Du2019,PRJNA435468,SRR6906283,4574116,152282,16133,40040,24733
Poquita-Du2019,PRJNA435468,SRR6906284,4562068,161580,17847,43476,27259
Poquita-Du2019,PRJNA435468,SRR6906302,3943385,143023,17221,38692,26802
Poquita-Du2019,PRJNA435468,SRR6906303,3920597,150653,18873,42040,29457
Poquita-Du2019,PRJNA435468,SRR6906304,3851903,136245,18711,40930,29220
Poquita-Du2019,PRJNA435468,SRR6906456,5651119,227750,22333,51700,34683
Poquita-Du2019,PRJNA435468,SRR6906457,5687519,218490,20342,47910,31638
Poquita-Du2019,PRJNA435468,SRR6906458,5794109,210304,23250,52700,36195
Poquita-Du2019,PRJNA435468,SRR6914151,12203579,12007339,4584819,10321504,7227749
Poquita-Du2019,PRJNA435468,SRR6914609,12967233,12733448,5686393,12840163,8808538
Poquita-Du2019,PRJNA435468,SRR6914908,28545207,28085973,8896351,20226245,13793623
Poquita-Du2019,PRJNA435468,SRR6934388,15051068,14787201,6015406,13612051,9383597
Poquita-Du2019,PRJNA435468,SRR6934542,14591108,14366616,6090086,13827251,9436005
Poquita-Du2019,PRJNA435468,SRR6935629,13955092,13680364,4354378,9818736,6800093
Poquita-Du2019,PRJNA435468,SRR6942678,16152295,15839787,5081323,11511139,7909757
Poquita-Du2019,PRJNA435468,SRR6942729,13274877,13020330,6086849,13787309,9496615
Poquita-Du2019,PRJNA435468,SRR6951423,13059689,12859388,5073084,11431426,7979902
Poquita-Du2019,PRJNA435468,SRR6951744,18879752,18486478,7756543,17519898,12173818
Poquita-Du2019,PRJNA435468,SRR6952431,15119431,14841254,6444377,14621726,10048518
Poquita-Du2019,PRJNA435468,SRR6963586,17192439,16940261,6778908,15300074,10711754
Poquita-Du2019,PRJNA435468,SRR6963878,21882301,21491595,9731129,21900924,15488160
Poquita-Du2019,PRJNA435468,SRR6963891,11222227,11015751,4856946,10862628,7756868
Poquita-Du2019,PRJNA435468,SRR6964364,23442807,23069362,11329387,25598123,17833196
Poquita-Du2019,PRJNA435468,SRR6986864,24615093,24194445,9971746,22546802,15617206
Poquita-Du2019,PRJNA435468,SRR6987146,20915430,20525480,7879257,17827114,12337770
Poquita-Du2019,PRJNA435468,SRR7039808,11330475,11092795,4099050,9258264,6422268
Poquita-Du2019,PRJNA435468,SRR7040514,19809725,19445820,7277654,16483116,11347564
Poquita-Du2019,PRJNA435468,SRR7041301,17406018,17135870,7341414,16621127,11495764
Poquita-Du2019,PRJNA435468,SRR7042978,22610220,22230655,10277965,23216462,16204891
Poquita-Du2019,PRJNA435468,SRR7043013,7238891,7100319,2472885,5491587,3969219
Poquita-Du2019,PRJNA435468,SRR7043704,10956480,10772378,4720581,10631315,7472319
Poquita-Du2019,PRJNA435468,SRR7046161,9852680,9700254,3678264,8247616,5823658
Poquita-Du2019,PRJNA435468,SRR7055829,16833578,16525763,6855767,15375371,10921947
Poquita-Du2019,PRJNA435468,SRR7058378,15820281,15593483,6309917,14141571,10117520
Poquita-Du2019,PRJNA435468,SRR7058566,14598645,14283621,4918464,11030239,7794895
Poquita-Du2019,PRJNA435468,SRR7058606,21680542,21345665,9018649,20232223,14356936
Poquita-Du2019,PRJNA435468,SRR7058616,13389995,13180391,5929423,13390262,9362866
Poquita-Du2019,PRJNA435468,SRR7059699,18192284,17833328,6664248,14953394,10632330
Poquita-Du2019,PRJNA435468,SRR7062295,11986275,11709566,3988717,8939148,6385619
Poquita-Du2019,PRJNA435468,SRR7062350,11092958,10882150,4488276,10117871,7100203
Zhou2019,PRJNA401251,SRR6784730,36306952,35449541,16132573,34768777,24628631
Zhou2019,PRJNA401251,SRR6784731,33218877,32481626,9393096,20603377,13840198
Zhou2019,PRJNA401251,SRR6784732,33635789,32904176,19054416,41443756,29286878
Zhou2019,PRJNA401251,SRR6784733,38941120,38124935,19223981,41379538,30089444
Zhou2019,PRJNA401251,SRR6784734,40536014,39524358,18298314,39621705,28235767
Zhou2019,PRJNA401251,SRR6784735,41786953,40871023,17977931,39021264,27585169
Buitrago-Lopez2020,PRJNA551401,SRR11880672,121056948,118741825,83630615,,
ConnellyEAPSI,PRJNA587509,SRR10395130,9878242,9723143,5194488,,
ConnellyEAPSI,PRJNA587509,SRR10395131,18981862,18945412,11652069,,
ConnellyEAPSI,PRJNA587509,SRR10395132,9199578,9141258,5472845,,
ConnellyEAPSI,PRJNA587509,SRR10395133,15668816,15604812,11372443,,
ConnellyEAPSI,PRJNA587509,SRR10395134,16780258,16751731,10634426,,
ConnellyEAPSI,PRJNA587509,SRR10395135,18020168,17871277,13511455,,
ConnellyEAPSI,PRJNA587509,SRR10395136,9178593,8892419,6842358,,
ConnellyEAPSI,PRJNA587509,SRR10395137,15344722,15254622,11700010,,
ConnellyEAPSI,PRJNA587509,SRR10395138,14254282,14193733,11332630,,
ConnellyEAPSI,PRJNA587509,SRR10395139,20366051,20323384,13841544,,
ConnellyEAPSI,PRJNA587509,SRR10395140,16357350,16321135,12515514,,
ConnellyEAPSI,PRJNA587509,SRR10395141,12318282,12283946,7693417,,
ConnellyEAPSI,PRJNA587509,SRR10395142,10971541,10946659,7465979,,
ConnellyEAPSI,PRJNA587509,SRR10395143,8786765,8708522,6455028,,
ConnellyEAPSI,PRJNA587509,SRR10395144,9959447,9809258,7352794,,
ConnellyEAPSI,PRJNA587509,SRR10395145,9900847,7658827,5853638,,
ConnellyEAPSI,PRJNA587509,SRR10395148,8837483,8823033,6899065,,
ConnellyEAPSI,PRJNA587509,SRR10395149,9391494,9351102,7531436,,
ConnellyEAPSI,PRJNA587509,SRR10395150,20428312,20339832,15406764,,
ConnellyEAPSI,PRJNA587509,SRR10395151,17822511,17742038,13469721,,
ConnellyEAPSI,PRJNA587509,SRR10395152,18437673,17973556,12786636,,
ConnellyEAPSI,PRJNA587509,SRR10395154,18493445,18457799,14073538,,
ConnellyEAPSI,PRJNA587509,SRR10395155,16456343,16390286,11755871,,
ConnellyEAPSI,PRJNA587509,SRR10395156,16798558,16712528,12555942,,
ConnellyEAPSI,PRJNA587509,SRR10395157,8838656,8818330,6495578,,
ConnellyEAPSI,PRJNA587509,SRR10395158,12363692,12339189,7009824,,
ConnellyEAPSI,PRJNA587509,SRR10395159,8605733,8465190,5917058,,
ConnellyEAPSI,PRJNA587509,SRR10395160,8813038,8799963,6235495,,
ConnellyEAPSI,PRJNA587509,SRR10395161,9496442,9317987,6805689,,
ConnellyEAPSI,PRJNA587509,SRR10395162,8376361,8316524,6529151,,
ConnellyEAPSI,PRJNA587509,SRR10395163,8342516,8297433,5852448,,
ConnellyEAPSI,PRJNA587509,SRR10395167,11361597,11345796,8968370,,
ConnellyEAPSI,PRJNA587509,SRR10395168,10372574,10269843,7244232,,
ConnellyEAPSI,PRJNA587509,SRR10395169,11033722,10852584,8476178,,
ConnellyEAPSI,PRJNA587509,SRR10395170,15441056,15338616,9320873,,
ConnellyEAPSI,PRJNA587509,SRR10395171,18646988,18609554,12427960,,
ConnellyEAPSI,PRJNA587509,SRR10395172,12877663,12819188,9269367,,
ConnellyEAPSI,PRJNA587509,SRR10395173,20399254,20316159,13519805,,
ConnellyEAPSI,PRJNA587509,SRR10395174,16284291,16215992,10495580,,
ConnellyEAPSI,PRJNA587509,SRR10395176,9776438,9551871,6484854,,
ConnellyEAPSI,PRJNA587509,SRR10395177,10511804,10432577,6903827,,
ConnellyEAPSI,PRJNA587509,SRR10395178,8980206,8951303,4831575,,
ConnellyEAPSI,PRJNA587509,SRR10395179,10474022,10419147,8415237,,
ConnellyEAPSI,PRJNA587509,SRR10395180,10602367,10578951,6963795,,
ConnellyEAPSI,PRJNA587509,SRR10395181,20024561,19973485,11133677,,
ConnellyEAPSI,PRJNA587509,SRR10395185,12434475,12322138,9129076,,
ConnellyEAPSI,PRJNA587509,SRR10395186,9405980,9390990,5933030,,
ConnellyEAPSI,PRJNA587509,SRR10395187,12245939,11831857,9061827,,
ConnellyEAPSI,PRJNA587509,SRR10395188,10496100,10472754,6654964,,
ConnellyEAPSI,PRJNA587509,SRR10395189,16512815,16481147,9632615,,
ConnellyEAPSI,PRJNA587509,SRR10395190,18562124,18342063,11540256,,
ConnellyEAPSI,PRJNA587509,SRR10395191,18833722,18799781,12631023,,
ConnellyEAPSI,PRJNA587509,SRR10395192,17544535,17433807,11216772,,
ConnellyEAPSI,PRJNA587509,SRR10395193,16436451,16393549,12137831,,
ConnellyEAPSI,PRJNA587509,SRR10395194,18960801,18912247,13482726,,
ConnellyEAPSI,PRJNA587509,SRR10395195,9008039,8914384,6496848,,
ConnellyEAPSI,PRJNA587509,SRR10395196,8240977,7839487,5236214,,
ConnellyEAPSI,PRJNA587509,SRR10395197,9526623,9506065,7099883,,
ConnellyEAPSI,PRJNA587509,SRR10395198,9713826,9673324,6715648,,
Chuang-Mitarai2020,PRJNA595781,SRR10696823,39501494,36280357,27646873,,
Chuang-Mitarai2020,PRJNA595781,SRR10708231,35979485,33429325,24352238,,
Chuang-Mitarai2020,PRJNA595781,SRR10708230,39135080,36865092,18995153,,
Chuang-Mitarai2020,PRJNA595781,SRR10708229,39035838,36376859,17906148,,
Chuang-Mitarai2020,PRJNA595781,SRR10708228,47338578,43868906,22288104,,
Chuang-Mitarai2020,PRJNA595781,SRR10708227,38157657,36087493,18444716,,
Chuang-Mitarai2020,PRJNA595781,SRR10708226,39003030,36618119,17922673,,
Chuang-Mitarai2020,PRJNA595781,SRR10708225,46784630,43519637,28033633,,
Chuang-Mitarai2020,PRJNA595781,SRR10708188,47567568,45041400,20119438,,
Chuang-Mitarai2020,PRJNA595781,SRR10708187,48168039,45496731,17411045,,
Chuang-Mitarai2020,PRJNA595781,SRR10708186,48429609,45527171,19459632,,
Chuang-Mitarai2020,PRJNA595781,SRR10708185,48429609,22836359,7817157,,
Chuang-Mitarai2020,PRJNA595781,SRR10708184,49189824,46264226,17175397,,
Chuang-Mitarai2020,PRJNA595781,SRR10708183,42563431,40153160,16726336,,
Chuang-Mitarai2020,PRJNA595781,SRR10708182,46067229,43237880,24559703,,
Chuang-Mitarai2020,PRJNA595781,SRR10696829,45714907,42900974,23534974,,
Chuang-Mitarai2020,PRJNA595781,SRR10696827,45797406,42682430,20669037,,
Chuang-Mitarai2020,PRJNA595781,SRR10696828,40944618,38572780,18530690,,
Chuang-Mitarai2020,PRJNA595781,SRR10696826,22666421,20498883,12870996,,
Chuang-Mitarai2020,PRJNA595781,SRR10696825,50493369,47658853,28988508,,
Chuang-Mitarai2020,PRJNA595781,SRR10696824,48327878,45712360,25184471,,
Li2020,PRJNA559028,SRR9963822,22095345,21975862,11260826,,
Li2020,PRJNA559028,SRR9963823,22211208,22095119,11378081,,
Li2020,PRJNA559028,SRR9963824,22247307,22147643,9423573,,
Li2020,PRJNA559028,SRR9963825,22560614,22481412,9266272,,
Li2020,PRJNA559028,SRR9963826,22052230,21962265,7996511,,
Li2020,PRJNA559028,SRR9963827,22182827,22098954,9874916,,
Li2020,PRJNA559028,SRR9963828,22402923,22298863,8142104,,
Li2020,PRJNA559028,SRR9963829,22628874,22525446,8081144,,
Li2020,PRJNA559028,SRR9963830,22296230,22221974,4616778,,
Li2020,PRJNA559028,SRR9963831,22163431,22091572,7349292,,
Li2020,PRJNA559028,SRR9963832,22200664,22118963,8659957,,
Li2020,PRJNA559028,SRR9963833,22332362,22263211,5182306,,
Becker2021,PRJNA744403,SRR15101688,23396439,22363712,17100842,,
Becker2021,PRJNA744403,SRR15101689,24990687,23446795,17492153,,
Becker2021,PRJNA744403,SRR15101690,23267238,22068855,16237338,,
Becker2021,PRJNA744403,SRR15101691,29417106,28033889,21113281,,
Becker2021,PRJNA744403,SRR15101692,22578178,21448902,16113802,,
Becker2021,PRJNA744403,SRR15101693,20905338,19901962,14148048,,
Becker2021,PRJNA744403,SRR15101694,22990550,21993072,16417582,,
Becker2021,PRJNA744403,SRR15101695,16484060,15587639,10786559,,
Becker2021,PRJNA744403,SRR15101696,24030431,22872356,17071252,,
Becker2021,PRJNA744403,SRR15101697,24846067,23657196,18239249,,
Becker2021,PRJNA744403,SRR15101699,22733345,21780303,16326218,,
Becker2021,PRJNA744403,SRR15101700,25158606,23773176,17963701,,
Becker2021,PRJNA744403,SRR15101701,29523059,28294289,21309206,,
Becker2021,PRJNA744403,SRR15101702,23796710,22368655,15383356,,
Becker2021,PRJNA744403,SRR15101703,22630044,21411451,15657380,,
Becker2021,PRJNA744403,SRR15101704,24455094,23394491,18066217,,
Becker2021,PRJNA744403,SRR15101705,27805087,26640962,20254665,,
Becker2021,PRJNA744403,SRR15101706,18568153,17608421,13244179,,
Becker2021,PRJNA744403,SRR15101707,29131006,27728275,21150724,,
Becker2021,PRJNA744403,SRR15101708,25068848,23933242,17843815,,
Becker2021,PRJNA744403,SRR15101710,23675842,22589292,16140160,,
Becker2021,PRJNA744403,SRR15101711,24020166,22970710,17420397,,
Becker2021,PRJNA744403,SRR15101712,24937261,23859242,18528318,,
Becker2021,PRJNA744403,SRR15101713,16381619,15608494,11806064,,
Becker2021,PRJNA744403,SRR15101715,21751368,20795755,15602756,,
Becker2021,PRJNA744403,SRR15101718,27076800,25618757,18628896,,
Becker2021,PRJNA744403,SRR15101719,24642131,23395622,17661370,,
Becker2021,PRJNA744403,SRR15101720,26361873,25104164,19165374,,
Becker2021,PRJNA744403,SRR15101721,17900262,17056464,12909410,,
Becker2021,PRJNA744403,SRR15101722,25641209,24605872,18859358,,
Becker2021,PRJNA744403,SRR15101723,23770610,22828493,17405895,,
Becker2021,PRJNA744403,SRR15101724,25368402,24155276,18487294,,
Rutgers2021,PRJNA761443,SRR16077711,52359093,49739140,38272216,,
Stephens2021,PRJNA731596,SRR14610884,16112910,14477083,7605578,,
Stephens2021,PRJNA731596,SRR14610885,17292386,15607732,7181953,,
Stephens2021,PRJNA731596,SRR14610886,16614410,14907538,8367710,,
Stephens2021,PRJNA731596,SRR14610887,19451190,17462578,8235005,,
Stephens2021,PRJNA731596,SRR14610888,19712240,19234061,11150523,,
Stephens2021,PRJNA731596,SRR14610889,17031656,15600542,7025010,,
Stephens2021,PRJNA731596,SRR14610890,17577462,16042141,6608095,,
Stephens2021,PRJNA731596,SRR14610892,22676533,21937801,13229115,,
Stephens2021,PRJNA731596,SRR14610893,16714994,15309381,7594340,,
Stephens2021,PRJNA731596,SRR14610894,20254653,19784043,11430538,,
Stephens2021,PRJNA731596,SRR14610895,20155340,19407900,8834743,,
Stephens2021,PRJNA731596,SRR14610896,19792466,18035939,8509631,,
Stephens2021,PRJNA731596,SRR14610897,17193921,16183166,9590272,,
Stephens2021,PRJNA731596,SRR14610898,17793952,16252931,7643260,,
Stephens2021,PRJNA731596,SRR14610899,21137159,20566058,11198119,,
Stephens2021,PRJNA731596,SRR14610900,18158027,17726890,9231369,,
Stephens2021,PRJNA731596,SRR14610901,18725771,18241870,7529234,,
Stephens2021,PRJNA731596,SRR14610903,17270419,15285357,7731965,,
Stephens2021,PRJNA731596,SRR14610904,16601073,14902074,7347345,,
Stephens2021,PRJNA731596,SRR14610905,17484124,16069500,8472051,,
Stephens2021,PRJNA731596,SRR14610906,17436665,15552308,6555073,,
Stephens2021,PRJNA731596,SRR14610907,17303595,15575304,6546177,,
Stephens2021,PRJNA731596,SRR14610908,16358516,14397638,7801152,,
Stephens2021,PRJNA731596,SRR14610909,20099330,18140337,8550656,,
Stephens2021,PRJNA731596,SRR14610910,17404222,15848563,8627688,,
Stephens2021,PRJNA731596,SRR14610911,17431655,15928932,7705098,,
Stephens2021,PRJNA731596,SRR14610912,17172119,15660349,8198787,,
Stephens2021,PRJNA731596,SRR14610914,18984649,17864785,8520343,,
Stephens2021,PRJNA731596,SRR14610915,20690496,20160447,12156688,,
Stephens2021,PRJNA731596,SRR14610916,19280437,18185195,9873344,,
Stephens2021,PRJNA731596,SRR14610917,14044940,13330804,8196352,,
Stephens2021,PRJNA731596,SRR14610918,22512663,21969634,11115068,,
Stephens2021,PRJNA731596,SRR14610919,18424340,17223868,7814801,,
Stephens2021,PRJNA731596,SRR14610920,18124005,15911563,6830628,,
Stephens2021,PRJNA731596,SRR14610921,19561915,19147566,12056228,,
Stephens2021,PRJNA731596,SRR14610922,16039642,15606347,7850123,,
Stephens2021,PRJNA731596,SRR14610923,20693759,20174885,12284905,,
Stephens2021,PRJNA731596,SRR14610925,21989455,21456862,13829453,,
Stephens2021,PRJNA731596,SRR14610926,18048399,16257135,8564034,,
Stephens2021,PRJNA731596,SRR14610927,16853810,15085889,6338273,,
Stephens2021,PRJNA731596,SRR14610928,16990028,14857734,6637147,,
Stephens2021,PRJNA731596,SRR14610929,18637582,17464591,9168231,,
Stephens2021,PRJNA731596,SRR14610930,16846619,14986727,8090096,,
Stephens2021,PRJNA731596,SRR14610931,17077167,14950376,8937229,,
Stephens2021,PRJNA731596,SRR14610932,16477190,15545955,9232491,,
Stephens2021,PRJNA731596,SRR14610975,20173808,19680226,13989123,,
Stephens2021,PRJNA731596,SRR14610977,19145548,18671256,13773869,,
Stephens2021,PRJNA731596,SRR14610978,17178516,15365336,10213688,,
Stephens2021,PRJNA731596,SRR14610979,16415197,14782057,9332944,,
Stephens2021,PRJNA731596,SRR14610980,17937432,16265068,10649156,,
Stephens2021,PRJNA731596,SRR14610981,16596950,14918456,8479458,,
Stephens2021,PRJNA731596,SRR14610982,19342531,17626054,9945822,,
Stephens2021,PRJNA731596,SRR14610983,17763450,15988959,8791524,,
Stephens2021,PRJNA731596,SRR14610984,16994270,15109156,8987006,,
Stephens2021,PRJNA731596,SRR14610985,22557225,22004616,12758187,,
Stephens2021,PRJNA731596,SRR14610986,17208731,15597561,7857125,,
Stephens2021,PRJNA731596,SRR14610988,16256442,15216387,8246960,,
Stephens2021,PRJNA731596,SRR14610989,18360414,17352467,10517377,,
Stephens2021,PRJNA731596,SRR14610990,16687966,15787765,8701843,,
Stephens2021,PRJNA731596,SRR14610991,16947741,15133152,7084000,,
Stephens2021,PRJNA731596,SRR14610992,16338277,15348922,7351994,,
Stephens2021,PRJNA731596,SRR14610993,17944888,16843712,9211861,,
Stephens2021,PRJNA731596,SRR14610994,20107286,19603429,11180462,,
Stephens2021,PRJNA731596,SRR14610995,17128912,16116344,8573265,,
Stephens2021,PRJNA731596,SRR14610996,17638654,15538564,8177409,,
Stephens2021,PRJNA731596,SRR14610997,21615104,21141502,11791556,,
Stephens2021,PRJNA731596,SRR14610999,17713329,16801157,10090840,,
Stephens2021,PRJNA731596,SRR14611000,23163524,22616506,11486650,,
Stephens2021,PRJNA731596,SRR14611001,16445186,15237351,7400357,,
Stephens2021,PRJNA731596,SRR14611002,17923707,16098149,6878436,,
Stephens2021,PRJNA731596,SRR14611003,18087269,16565365,8970355,,
Stephens2021,PRJNA731596,SRR14611004,20479332,19971882,11359419,,
Stephens2021,PRJNA731596,SRR14611005,18388050,16697261,8030633,,
Stephens2021,PRJNA731596,SRR14611006,14375134,13587199,7201052,,
Stephens2021,PRJNA731596,SRR14611007,19027271,18593698,9764681,,
Stephens2021,PRJNA731596,SRR14611008,20190293,19754317,13951578,,
Stephens2021,PRJNA731596,SRR14611010,18472449,18051508,13331467,,
Stephens2021,PRJNA731596,SRR14611011,16019116,13683406,8357636,,
Stephens2021,PRJNA731596,SRR14611012,18738497,16935925,8248365,,
Stephens2021,PRJNA731596,SRR14611013,11936137,9863805,4618169,,
Stephens2021,PRJNA731596,SRR14611014,23039863,22440427,14447375,,
Stephens2021,PRJNA731596,SRR14611015,15391406,14711170,7270210,,
Stephens2021,PRJNA731596,SRR14611016,20736512,20263819,10550024,,
Stephens2021,PRJNA731596,SRR14611017,18657274,16771612,7274949,,
Stephens2021,PRJNA731596,SRR14611018,17089280,15433380,6537563,,
Stephens2021,PRJNA731596,SRR14611019,27470139,26854662,16620479,,
Stephens2021,PRJNA731596,SRR14611021,13987994,13203215,6623493,,
Stephens2021,PRJNA731596,SRR14611022,19306548,18111532,9391403,,
Stephens2021,PRJNA731596,SRR14611023,18272966,17242505,8057040,,
Stephens2021,PRJNA731596,SRR14611024,19916344,18785108,8342274,,
Stephens2021,PRJNA731596,SRR14611025,16731369,15024780,7167650,,
Stephens2021,PRJNA731596,SRR14611026,17410678,15640658,6877948,,
Stephens2021,PRJNA731596,SRR14611027,18016143,17616420,10388181,,
Stephens2021,PRJNA731596,SRR14611028,20933529,20455003,11180023,,
Stephens2021,PRJNA731596,SRR14611029,17484124,16092417,6759575,,
Stephens2021,PRJNA731596,SRR14611030,14054028,13212960,7249788,,
Stephens2021,PRJNA731596,SRR14611033,19977535,19458119,12063288,,
Stephens2021,PRJNA731596,SRR14611034,21323841,20763933,11941952,,
Stephens2021,PRJNA731596,SRR14611035,17769788,15543795,8019259,,
Stephens2021,PRJNA731596,SRR14611036,19378365,18967833,9117184,,
Stephens2021,PRJNA731596,SRR14611037,15570307,14287913,7444227,,
Stephens2021,PRJNA731596,SRR14611038,21624033,20347266,10697887,,
Stephens2021,PRJNA731596,SRR14611039,16963733,14761276,8186128,,
Stephens2021,PRJNA731596,SRR14611040,21318703,20795080,12349312,,
Stephens2021,PRJNA731596,SRR14611041,19289808,18831615,9047499,,
Stephens2021,PRJNA731596,SRR14611042,18570925,18150101,10647087,,
Stephens2021,PRJNA731596,SRR14611044,20915691,20204482,12071040,,
Stephens2021,PRJNA731596,SRR14611045,17934016,16527370,9441346,,
Stephens2021,PRJNA731596,SRR14611046,17097186,15202231,7553640,,
Stephens2021,PRJNA731596,SRR14611047,17350632,15652426,6662749,,
Stephens2021,PRJNA731596,SRR14611048,19232723,17685058,8129860,,
Stephens2021,PRJNA731596,SRR14611049,17128962,15751090,5861498,,
Stephens2021,PRJNA731596,SRR14611050,16737847,14987297,6679021,,
Stephens2021,PRJNA731596,SRR14611051,17683302,16185061,8475685,,
Stephens2021,PRJNA731596,SRR14611052,22604608,22020240,12559097,,
Stephens2021,PRJNA731596,SRR14611053,17633548,15528832,8055965,,
Stephens2021,PRJNA731596,SRR14611055,21917286,20574430,8950401,,
Stephens2021,PRJNA731596,SRR14611056,21015472,19659720,10342906,,
Stephens2021,PRJNA731596,SRR14611057,19206177,18750941,10392115,,
Zhu2021,PRJNA544778,SRR12710856,31913677,31521711,22009740,,
Zhu2021,PRJNA544778,SRR12710862,24201096,23909630,17408709,,
Zhu2021,PRJNA544778,SRR12710863,28853305,28492253,20747775,,
Zhu2021,PRJNA544778,SRR12710864,23050661,22760038,16514477,,
Zhu2021,PRJNA544778,SRR12710867,26085594,25751898,17958459,,
Zhu2021,PRJNA544778,SRR12710868,26049518,25708570,17907220,,
Zhu2021,PRJNA544778,SRR12786902,27590794,27317155,17897606,,
Zhu2021,PRJNA544778,SRR12786905,28987325,28699738,18641469,,
Zhu2021,PRJNA544778,SRR12786906,22073311,21830003,14263591,,
Zhu2021,PRJNA544778,SRR12904788,27164723,26618776,15489427,,
Zhu2021,PRJNA544778,SRR12904789,24906438,24437942,14301001,,
Zhu2021,PRJNA544778,SRR12904790,28190362,27662090,15995560,,
Grupstra2022,PRJNA778019,SRR16897911,95197157,91535002,10368302,,
Grupstra2022,PRJNA778019,SRR16897914,77840951,75684134,3356286,,
Grupstra2022,PRJNA778019,SRR16897910,64314353,61529578,6633631,,
Grupstra2022,PRJNA778019,SRR16897912,77703317,75293309,3726436,,
Grupstra2022,PRJNA778019,SRR16897913,87163289,85002423,4673047,,